,Date Created,Content,User
0,2020-10-30 23:32:00+00:00,"More than 9 million cases of COVID-19 have been now confirmed in the United States — and more than 228,000 Americans have lost their lives.

It is as severe an indictment of a president’s record as one can possibly imagine, and it is utterly disqualifying.",JoeBiden
1,2020-10-30 22:30:00+00:00,Jill and I are praying for all those impacted by Hurricane Zeta. The entire nation stands with you as you rebuild and recover.,JoeBiden
2,2020-10-30 22:10:00+00:00,Alfonso came here with a dream. And now he’s been robbed of his future. Enough is enough. https://t.co/wrASsVVNHX,JoeBiden
3,2020-10-30 21:02:55+00:00,We are in a battle for the soul of the nation –– your voice and vote can make all the difference. Tune in as I speak live from Minnesota. https://t.co/9F5riiRKo9,JoeBiden
4,2020-10-30 20:45:00+00:00,"Jill and I send our prayers to the people of Greece and Turkey following today’s earthquake. We’re grateful for the brave rescuers saving others, and for the governments of Greece and Turkey putting aside their differences to support each other.",JoeBiden
5,2020-10-30 20:15:00+00:00,"Let me be clear: Hardworking Americans should not be paying more in federal income taxes than Amazon or Netflix.

It’s time for big corporations to finally pay their fair share.",JoeBiden
6,2020-10-30 19:10:00+00:00,"I'm not going to shut down the country.

I'm not going to shut down the economy.

I'm going to shut down the virus.",JoeBiden
7,2020-10-30 18:44:00+00:00,"You have the power to silence him.

Vote: https://t.co/eoxT07uII9 https://t.co/zIJUQEWlyx",JoeBiden
8,2020-10-30 17:51:40+00:00,"There’s no challenge we can’t overcome when we stand united. With just four days to go, tune in as we get out the vote in Iowa. https://t.co/0O9S2J9Tw6",JoeBiden
9,2020-10-30 17:30:00+00:00,Donald Trump is wholly unfit to serve as commander in chief. But don’t just take my word for it... https://t.co/TnxcPvwSul,JoeBiden
10,2020-10-30 16:35:00+00:00,"After campaigning in 2016 to lift up the ‘forgotten man,’ President Trump has completely lost sight of working people. 

I promise you this: I never will. https://t.co/mbcxYtv80U",JoeBiden
11,2020-10-30 16:12:00+00:00,"Folks, deadlines to vote early in-person are arriving across the country. Don’t wait until November 3rd to cast your ballot — head to https://t.co/eoxT07d7QB to find all the information you need to vote today. https://t.co/3YmUK1Mggr",JoeBiden
12,2020-10-30 15:10:00+00:00,"They say never read the comments –– well, I did anyway. https://t.co/f6WagAxkNb",JoeBiden
13,2020-10-30 13:29:27+00:00,"4 days to prevent another 4 years.

Vote: https://t.co/eoxT07d7QB",JoeBiden
14,2020-10-30 01:15:00+00:00,"This storm will pass, and a new day will come. https://t.co/PewrMRuRXx",JoeBiden
15,2020-10-30 00:10:00+00:00,"Now more than ever, we need a president who will choose compassion over cruelty.",JoeBiden
16,2020-10-29 23:42:00+00:00,This election is about so much more than policy. The character of our country is on the ballot. And @KamalaHarris and I will work every day to bring this country back together — fighting as hard for those who don’t support us as those who do. https://t.co/IIhhcxDeL2,JoeBiden
17,2020-10-29 23:00:06+00:00,"Here’s the bottom line: When we vote, things get better. Tune in as we hold a get out the vote rally in Tampa Bay, Florida. https://t.co/rJ2nbiDlOE",JoeBiden
18,2020-10-29 22:31:00+00:00,"You have my word: if I have the honor of serving as your president, I will do everything in my power to defeat COVID-19.

Here’s my plan to get it done: https://t.co/zUWDfi0yQ8",JoeBiden
19,2020-10-29 21:55:00+00:00,"Enough of the lies.

Vote him out: https://t.co/eoxT07uII9 https://t.co/iTdiPVy8FA",JoeBiden
20,2020-10-29 21:26:43+00:00,"The future of our country is on the ballot — and you get to decide what it looks like.

Vote: https://t.co/eoxT07d7QB",JoeBiden
21,2020-10-29 20:45:00+00:00,"Christen — tell your grandmother I’m incredibly grateful to have her support, and thank you for helping her cast her ballot. https://t.co/zRKbAPvqgF",JoeBiden
22,2020-10-29 20:25:00+00:00,".@KamalaHarris y yo no solo reconstruiremos las cosas como eran antes de estas crisis, sino que reconstruiremos un mejor país que antes, para crear una nueva economía estadounidense. Mira la explicación de mi amigo @JulianCastro. https://t.co/11usNr3tfv",JoeBiden
23,2020-10-29 20:00:00+00:00,Donald Trump is on track to become the worst jobs president in modern American history. https://t.co/gmjwbHeuOS,JoeBiden
24,2020-10-29 19:45:00+00:00,"Las latinas son el corazón de nuestras comunidades y hoy en el Día de la equidad salarial de la mujer latina, reconocemos el hecho de que solo ganan 54 centavos por cada dólar que gana un hombre blanco.

Mi administración luchará para asegurar la igualdad salarial que se merecen.",JoeBiden
25,2020-10-29 19:25:00+00:00,Jill and I are keeping the French people in our prayers following the horrific terror attack in Nice — which targeted innocents in a house of worship. A Biden-Harris administration will work with our allies and partners to prevent extremist violence in all forms.,JoeBiden
26,2020-10-29 19:00:00+00:00,"My Catholic faith drilled into me a core truth — that every person on earth is equal in rights and dignity. As president, these are the principles that will shape all that I do, and my faith will continue to serve as my anchor, as it has my entire life. https://t.co/DRsQ2cA9m1",JoeBiden
27,2020-10-29 18:16:53+00:00,"We’re just five days from Election Day –– and everything is on the line. Tune in as we get out the vote in Broward County, Florida. https://t.co/VgqrLETyZC",JoeBiden
28,2020-10-29 17:15:00+00:00,"I join Israelis in honoring Prime Minister Yitzhak Rabin z""l, 25 years after his assassination. He led a life of service to his country and its security — and bravely gave his life pursuing peace. I was honored to call him a friend.",JoeBiden
29,2020-10-29 16:58:00+00:00,"Latinas are the heart of our communities — and on Latina Equal Pay Day, we call attention to the fact that they earn only 54 cents for every dollar a white man makes.

A Biden-Harris Administration will build back better for Latinas by taking overdue action to ensure equal pay.",JoeBiden
30,2020-10-29 16:01:00+00:00,.@KamalaHarris and I won't just build back to the way things were before these crises — we're going to build back better and create a new American economy. Watch as my friend @JulianCastro explains. https://t.co/AdGKICs6Tf,JoeBiden
31,2020-10-29 15:01:00+00:00,5 days. Let’s bring this home.,JoeBiden
32,2020-10-29 14:39:02+00:00,"Success in a Biden-Harris Administration will not be measured just by the stock market or GDP growth, but by the extent to which growth is raising the pay, dignity, and economic security of our working families—especially those who have been left behind. https://t.co/HQZ8UbUb3f",JoeBiden
33,2020-10-29 14:39:02+00:00,"GDP rose last quarter, but visits to food banks haven’t slowed, and poverty has grown. We’re on track for the worst economic downturn in over 70 years, and Donald Trump is on track to be the first president since Herbert Hoover to leave office with less jobs than when he came in.",JoeBiden
34,2020-10-29 13:34:00+00:00,"""History says, don't hope
On this side of the grave.
But then, once in a lifetime
The longed-for tidal wave
Of justice can rise up,
And hope and history rhyme.""
- Seamus Heaney https://t.co/7nB1ytYlvm",JoeBiden
35,2020-10-29 01:40:00+00:00,"The election is underway across the country, and we need your help to spread the word on social media. Sign up to help, and let’s win this thing: https://t.co/Yys11DiWVm",JoeBiden
36,2020-10-29 01:20:00+00:00,"Folks, if you haven’t returned your absentee ballot yet, it’s important you do so as soon as possible.

Head to https://t.co/eoxT07d7QB to learn more about how to return your ballot.",JoeBiden
37,2020-10-29 01:00:00+00:00,"The stakes in this election couldn’t be higher — and with just six days left, we can’t let up.

Chip in to help us get the job done on Tuesday: https://t.co/5xqcSEyaYf",JoeBiden
38,2020-10-29 00:15:00+00:00,"I believe in science.

Donald Trump doesn't.

It's that simple, folks.",JoeBiden
39,2020-10-28 23:52:00+00:00,The future of our planet is on the ballot. https://t.co/fWtwYOmycR,JoeBiden
40,2020-10-28 22:54:42+00:00,"We have just six more days left in this election — and the American people have the power in their hands to put our country on a vastly different path.

Make your plan to vote today: https://t.co/uoiVh9ZqzI",JoeBiden
41,2020-10-28 22:15:00+00:00,"It’s not political.

It’s patriotic.

Wear a mask. Period.",JoeBiden
42,2020-10-28 21:26:00+00:00,"You can't make this up: Yesterday, the White House science office put out a statement listing ""ending the COVID-19 pandemic"" as the top accomplishment of President Trump's first term. 
https://t.co/46VkWJE0GN",JoeBiden
43,2020-10-28 20:47:00+00:00,"Melanie, thank you for sharing your story and for the sacrifices you've made to keep us all safe. They are not in vain.

On Tuesday, we need to vote out Donald Trump and treat the climate crisis like the existential threat it is. https://t.co/dCKIBGlmoo",JoeBiden
44,2020-10-28 19:40:00+00:00,We voted. https://t.co/LjaPBB69wC,JoeBiden
45,2020-10-28 19:20:00+00:00,"Today we celebrate the 80th anniversary of Oxi Day. Greeks inspired the free world when they resisted Mussolini’s invading army — and that courageous spirit lives on today, reminding us we too must stand up and do our part to safeguard our democracy.",JoeBiden
46,2020-10-28 18:40:00+00:00,It’s hard to believe it’s been a year since we lost my friend Senator Kay Hagan. Kay was a relentless champion for North Carolina and a fierce defender of its citizens. May her legacy continue to inspire a new generation of leaders to follow in her steps. https://t.co/hl9Pi3Y2fi,JoeBiden
47,2020-10-28 18:00:02+00:00,"Thank you for your support, @HamillHimself. May the force be with us this election season. https://t.co/GlgnKz8q96",JoeBiden
48,2020-10-28 17:40:00+00:00,"As president, I'll build on Obamacare to ensure every single American has access to quality, affordable health care.

Here's how: https://t.co/34NCSYhO2C",JoeBiden
49,2020-10-28 17:10:00+00:00,It’s simple: Donald Trump thinks health care is a privilege. I think it is your right.,JoeBiden
50,2020-10-28 16:37:23+00:00,"Under Donald Trump’s leadership, we have become weaker and sicker. Tune in as I discuss how I’ll get this virus under control and ensure every American has access to quality, affordable health care. https://t.co/vm1d4F0oig",JoeBiden
51,2020-10-28 15:30:00+00:00,"We are the United States of America. We can beat this virus.

There is no challenge we cannot meet, no enemy we cannot face, no threat we cannot conquer when we stand together.",JoeBiden
52,2020-10-28 15:03:50+00:00,"6 days.

Return your ballot now: https://t.co/eoxT07d7QB",JoeBiden
53,2020-10-28 14:22:38+00:00,"America is at a crossroads.

We can choose four more years of Donald Trump's chaos and division. Or we can choose a different path — one of hope and light.

The decision is in your hands. Vote: https://t.co/eoxT07d7QB",JoeBiden
54,2020-10-28 01:01:00+00:00,"Two years ago, a white supremacist entered Pittsburgh’s Tree of Life Synagogue and perpetrated the deadliest anti-Semitic attack in American history. May the memories of those we lost be a blessing — and may we never stop fighting the scourges of anti-Semitism and gun violence.",JoeBiden
55,2020-10-28 00:40:00+00:00,"Folks, we're just one week from Election Day, and we can't get complacent. Our campaign is working to reach voters across the country until the very last ballot is cast. We can't afford to fall short. 

If you're able, please chip in now: https://t.co/mrWBoH7HdG",JoeBiden
56,2020-10-28 00:20:28+00:00,"Health care is on the line.
Workers' rights are on the line.
Civil rights are on the line.
Women's rights are on the line.
LGBTQ+ rights are on the line.
Immigrant rights are on the line.

Don't sit this one out. Head to https://t.co/uoiVh9ZqzI and make your plan to vote today.",JoeBiden
57,2020-10-28 00:00:00+00:00,"From the moment I announced I was running for president, my goal has been to unite and heal this nation.

We must come together. https://t.co/L3S5J5bQvM",JoeBiden
58,2020-10-27 23:30:00+00:00,"If you give me the honor of serving as your president, I won't waste any time getting this virus under control and building our nation back better. https://t.co/ZF5fvIQfSR",JoeBiden
59,2020-10-27 22:55:00+00:00,"America's history is the story of ""We the People.""

Of all of us — together. https://t.co/UFAZZnwORf",JoeBiden
60,2020-10-27 22:25:00+00:00,"Our hearts are broken for the family of Walter Wallace Jr., and for all those suffering the emotional weight of learning about another Black life in America lost.

Walter’s life mattered. https://t.co/mGki28Cpyr",JoeBiden
61,2020-10-27 20:35:23+00:00,"It’s go-time, folks. We’re just one week away from the most important election of our lifetimes. Tune in as we get out the vote in Atlanta, Georgia. https://t.co/bJWjyR8JC1",JoeBiden
62,2020-10-27 19:40:00+00:00,"The names of George Floyd and Breonna Taylor and Jacob Blake will not soon be forgotten.

Not by me. Not by us. Not by this country.

They’re going to inspire a new wave of justice in America.",JoeBiden
63,2020-10-27 19:20:00+00:00,I know this country. I know our people. And I know we can unite and heal this nation.,JoeBiden
64,2020-10-27 18:58:28+00:00,"I believe this election is about who we are as a nation, what we believe — and maybe most importantly — who we want to be.

It's about our essence. It’s about what makes us Americans. It’s that fundamental.

Vote: https://t.co/eoxT07d7QB",JoeBiden
65,2020-10-27 17:43:54+00:00,"With one week left until Election Day, I'm delivering remarks in Warm Springs, Georgia, on how we can unite to address the crises facing our nation. Tune in. https://t.co/A5DxgXbbAB",JoeBiden
66,2020-10-27 17:16:00+00:00,Black lives matter. No president should be afraid to say it. https://t.co/636AQZ04lW,JoeBiden
67,2020-10-27 16:00:52+00:00,"With just one week until Election Day, @BarackObama is in Orlando, Florida, encouraging folks to vote early. Tune in. https://t.co/zpUXqNViri",JoeBiden
68,2020-10-27 15:32:00+00:00,"This is our opportunity to leave the dark, angry politics of the past four years behind us.

It's time to come together and unite the country.

It all begins with your vote: https://t.co/eoxT07uII9 https://t.co/CcGiwABcbj",JoeBiden
69,2020-10-27 14:25:00+00:00,"Home is where your values are set — where your view of the world begins to form, along with your place in it.

For me, that's Scranton, PA.

Pennsylvania: today is your last day to vote early in person. We've got to win this — let's bring it home.

Vote: https://t.co/eoxT07d7QB https://t.co/CSJugQxjBY",JoeBiden
70,2020-10-27 13:38:00+00:00,One week until Election Day. Don’t let up now.,JoeBiden
71,2020-10-27 03:53:00+00:00,Vote.,JoeBiden
72,2020-10-27 03:43:00+00:00,"The rushed and unprecedented confirmation of Amy Coney Barrett as Associate Justice to the Supreme Court, in the middle of an ongoing election, should be a stark reminder to every American that your vote matters. https://t.co/NwEi4jyMd1",JoeBiden
73,2020-10-26 22:40:00+00:00,"Folks, I'm amazed by what you all are doing to get out the vote. We can't let up — remember to vote early, and sign up to help this final weekend: https://t.co/pxPEuCMCkG https://t.co/s300qdVJ88",JoeBiden
74,2020-10-26 22:10:00+00:00,"I couldn't be more excited to have my friend @BarackObama hitting the campaign trail to talk about what's at stake in this election.

As he said in Philadelphia, we can't just imagine a better future — we have to fight for it and vote like never before: https://t.co/eoxT07d7QB https://t.co/vxQ9eE9k9k",JoeBiden
75,2020-10-26 21:16:00+00:00,We can’t let President Trump tear down Obamacare.,JoeBiden
76,2020-10-26 20:21:00+00:00,More than 60 million Americans have already voted. They deserve to have their voices heard on who replaces Justice Ginsburg.,JoeBiden
77,2020-10-26 19:40:00+00:00,"Don't wake up on November 4th wishing you had done more.

If you're able, chip in $8 to help secure a victory in 8 days: https://t.co/1EvFg66TYW",JoeBiden
78,2020-10-26 18:53:33+00:00,"Maine — there are only five days left to vote early in-person for @SaraGideon and Democrats up and down the ballot.

Sara has been a relentless champion for Mainers, and electing her is key to flipping the Senate — but we can’t do it without you.

Vote: https://t.co/qZghvTPJyp",JoeBiden
79,2020-10-26 18:00:00+00:00,"No president whose lies and failures have cost 225,000 American lives should keep his job. Period.",JoeBiden
80,2020-10-26 17:15:00+00:00,"It didn’t have to be this bad — and as @MichelleObama said, “Our commander in chief, sadly, has been missing in action.”

It’s unforgivable. https://t.co/RIWEck8d3m",JoeBiden
81,2020-10-26 16:00:02+00:00,"Character is on the ballot.

Vote: https://t.co/eoxT07d7QB https://t.co/PYq3FZTEia",JoeBiden
82,2020-10-26 15:00:02+00:00,"In 8 days, we’re going to take our democracy back.",JoeBiden
83,2020-10-26 14:50:00+00:00,Maryland –– today's the first day of early voting across the state. Head to https://t.co/7dn5jZ6sX8 to learn more. Cast your ballot today.,JoeBiden
84,2020-10-26 14:40:00+00:00,"If you live in Colorado, you must register today to receive a ballot in the mail. You can still same-day register in person before you vote early or on Election Day, but don't wait! Head to https://t.co/DRA021mNET to learn more.",JoeBiden
85,2020-10-26 14:30:01+00:00,"If you live in:

Montana
Washington

Today is your last day to register to vote. After today, you can still same-day register in person when you vote early or on Election Day. Head to https://t.co/eoxT07uII9 to learn more.",JoeBiden
86,2020-10-26 13:17:02+00:00,"This is the most important election of our lifetimes. Don't wait to make your voice heard.

Vote early today: https://t.co/eoxT07d7QB",JoeBiden
87,2020-10-26 00:02:39+00:00,"Folks, the I Will Vote concert is finally here. Tune in as an incredible lineup of stars comes together to get out the vote. https://t.co/dYEGfmgEqj",JoeBiden
88,2020-10-25 23:30:00+00:00,"It's clear Donald Trump will stop at nothing to tear down Obamacare.

We can't let him. https://t.co/ytaqBBd8DW",JoeBiden
89,2020-10-25 22:01:00+00:00,"Jacquelyn — I was honored to meet you in December, and I’m honored to have you on my team now. With the help of folks like you, we’re going to overcome the obstacles we face and restore decency in this country. https://t.co/zwtDfNswVY",JoeBiden
90,2020-10-25 21:30:00+00:00,"Thank you @iamwill and @IAMJHUD for this powerful video.

Hate has no place in the United States — and on November 3rd we will prove that. https://t.co/OiFuRpyCNS",JoeBiden
91,2020-10-25 20:35:00+00:00,"There is a real human toll to President Trump's failed leadership.

We can't forget that. https://t.co/03ajrVUQh1",JoeBiden
92,2020-10-25 20:12:00+00:00,President Trump and his administration may have quit on the American people — but I can promise you I never will. https://t.co/kQgFDSSrVu,JoeBiden
93,2020-10-25 19:39:00+00:00,"Folks, with just nine days until Election Day, your support is more important than ever.

Every dollar counts during this final stretch.

If you're able, please chip in today: https://t.co/zsgPxXrflF",JoeBiden
94,2020-10-25 18:07:00+00:00,.@BarackObama was a president our kids could look up to. https://t.co/oI592mg3xQ,JoeBiden
95,2020-10-25 17:30:00+00:00,"The fact is Secretary Betsy DeVos and President Trump don't care about our students or our teachers.

You deserve better. https://t.co/fMaCvYMu6u",JoeBiden
96,2020-10-25 16:28:00+00:00,The hard truth is it didn't have to be this bad. But Donald Trump's shortsighted actions weakened our ability to respond to a pandemic long before COVID-19 reached our shores. https://t.co/qTdtIQgmZU,JoeBiden
97,2020-10-25 16:00:00+00:00,"It’s voting season, folks. Watch as @StaceyAbrams breaks down the importance of your vote — and then head to https://t.co/eoxT07d7QB to make your voice heard today. https://t.co/C6sfg5oI9Y",JoeBiden
98,2020-10-25 15:22:27+00:00,"Your vote can change the course of history — don’t wait to cast it.

Vote early today: https://t.co/eoxT07d7QB",JoeBiden
99,2020-10-25 14:31:00+00:00,"After months of competing against each other in the primary, @EWarren, @PeteButtigieg, @CoryBooker, @JulianCastro, @AmyKlobuchar, and I know each other pretty well. Watch them break down the latest presidential debate: https://t.co/lCrIBEgQfk",JoeBiden
100,2020-10-25 13:52:00+00:00,9 days. Let’s go.,JoeBiden
101,2020-10-25 13:02:00+00:00,"Be like @BarackObama.

Vote early: https://t.co/uoiVh9HPb8 https://t.co/YA39ZGNoXk",JoeBiden
102,2020-10-25 00:47:00+00:00,"You deserve a president who will get up every single day and work to make your life better.

If you elect me, that’s exactly what I’ll do. https://t.co/afFAorq0KQ",JoeBiden
103,2020-10-25 00:07:00+00:00,"Folks, I've got some big news: We officially reached our goal of talking to 10 million voters on this #VoteEarlyDay.

But we're not done yet — we set a new goal of 15 million and can't reach it without you.

Sign up to help: https://t.co/u4eKL40TRy https://t.co/Y6mkN6Fl29",JoeBiden
104,2020-10-24 23:53:00+00:00,It’s become painfully clear that the only senior that Donald Trump cares about is Donald Trump. https://t.co/TGWsZHOvbV,JoeBiden
105,2020-10-24 22:59:00+00:00,"Folks, it’s go-time. There are just 10 days left until Election Day, and we need your help. 

Chip in $10 to help bring this across the finish line: https://t.co/4fWXlKUSRl",JoeBiden
106,2020-10-24 22:30:00+00:00,President Trump continues to prove just how unfit he is to lead our nation through a global pandemic.,JoeBiden
107,2020-10-24 22:00:00+00:00,"Imagine a day in the not too distant future when you can enjoy a dinner out with your friends, a night at the movies, or when you can celebrate your birthday, wedding, or graduation surrounded by your nearest and dearest.

We can get there — together. https://t.co/uVRpnIrirz",JoeBiden
108,2020-10-24 21:25:50+00:00,"Make your plan to vote early, folks. #VoteEarlyDay

https://t.co/uoiVh9ZqzI",JoeBiden
109,2020-10-24 20:38:54+00:00,".@DrBiden and I are in Luzerne County, Pennsylvania, to encourage folks to vote early. Tune in — and then head to https://t.co/uoiVh9HPb8 to make your plan to vote. https://t.co/WJOAGpLNcM",JoeBiden
110,2020-10-24 19:15:00+00:00,"President Trump called India ""filthy.""

It's not how you talk about friends—and it's not how you solve global challenges like climate change.

@KamalaHarris and I deeply value our partnership—and will put respect back at the center of our foreign policy. https://t.co/TKcyZiNwY6",JoeBiden
111,2020-10-24 18:52:00+00:00,"Iowa — today is your last day to register to vote online or pre-register in person. 

After today, you can register when you vote early in-person or at the polls on Election Day.

Head to https://t.co/Ald791vRME to get registered.",JoeBiden
112,2020-10-24 18:35:00+00:00,"New York — you can vote early in-person starting today.

Be among the first in your state to make your voice heard in this year's election. https://t.co/3Fgni5jMab",JoeBiden
113,2020-10-24 18:00:01+00:00,Rick — thank you for sharing your talent with me. I was so blown away by your art that I asked my team to add it to our online store: https://t.co/dVYZJVceoq https://t.co/lh3keVBoSB,JoeBiden
114,2020-10-24 17:46:00+00:00,"Massachusetts — today is the last day to register to vote.

Head to https://t.co/5vTG2RzkDl and get registered before it’s too late.",JoeBiden
115,2020-10-24 17:33:00+00:00,"Folks, you don’t have to wait until November 3rd to cast your ballot. You can vote now in most states across the country.

Head to https://t.co/eoxT07uII9 and make your voice heard today. #VoteEarlyDay",JoeBiden
116,2020-10-24 16:36:00+00:00,"On Thursday, President Trump said we're ""rounding the turn"" when it comes to COVID-19.

On Friday, we set a new record for daily cases. 

We're paying the price for his failures every single day. https://t.co/j12Yv9uYOH",JoeBiden
117,2020-10-24 16:10:09+00:00,"Today marks the first-ever #VoteEarlyDay — and our campaign has set a big goal of talking to ten million people about voting early.

We can’t do it without you — sign up to help: https://t.co/u4eKL4ivg8",JoeBiden
118,2020-10-24 15:11:44+00:00,"With just ten days until Election Day, @DrBiden and I are in Bucks County, Pennsylvania, to encourage folks to vote early. Tune in. https://t.co/RwgAiyjFef",JoeBiden
119,2020-10-24 13:40:00+00:00,10 days.,JoeBiden
120,2020-10-24 13:07:00+00:00,Shamar –– thank you for your continued support and words of wisdom. I can’t wait to see what you accomplish. https://t.co/3wajKF1Aui,JoeBiden
121,2020-10-24 01:21:00+00:00,"Folks, tomorrow marks the first-ever #VoteEarlyDay.

Make your plan to vote early: https://t.co/uoiVh9ZqzI

And then sign up to help get people across the country to vote early as well: https://t.co/u4eKL4ivg8 https://t.co/58mbf1xhmP",JoeBiden
122,2020-10-23 23:59:00+00:00,Wearing a mask is not a political statement. https://t.co/HStwvMX95O,JoeBiden
123,2020-10-23 23:35:55+00:00,"More than 50 million Americans have already voted. We are making history.

Join us: https://t.co/eoxT07d7QB",JoeBiden
124,2020-10-23 21:47:00+00:00,"There is nothing more powerful than folks coming together and using their voices to inspire change. We're hosting a grassroots concert to get people to the polls across the country, and I hope you’ll join us.

Chip in any amount to reserve your spot: https://t.co/Di1AIiRjHa https://t.co/v5wd2lR1wO",JoeBiden
125,2020-10-23 20:40:00+00:00,"A slight change of tone from the president for one night doesn’t cover up the lies he told. It doesn’t change the fact that over 220,000 Americans have died from COVID-19 on his watch.

We can’t take another four years of Donald Trump’s failed leadership.",JoeBiden
126,2020-10-23 20:08:00+00:00,"64 years ago today, freedom-loving Hungarians revolted against communist rule. Their spirit inspired the Prague Spring, Poland's Solidarity movement, and the fall of the Berlin Wall. As president, I'll always stand in defense of democracy and freedom at home and around the world.",JoeBiden
127,2020-10-23 19:32:00+00:00,"After eight months of this pandemic, we finally found President Trump's plan to beat COVID-19. https://t.co/KO4g328Uvr",JoeBiden
128,2020-10-23 17:55:00+00:00,You deserve a president who tells you the truth. https://t.co/wz20ghT2fu,JoeBiden
129,2020-10-23 17:07:00+00:00,.@BarackObama is right: President Trump wants full credit for the economy he inherited and zero blame for the pandemic he ignored. https://t.co/tCD5UST32J,JoeBiden
130,2020-10-23 16:20:00+00:00,"The character of our country is on the ballot.

Last night’s debate showed once and for all that the choice is as clear as ever, and the stakes are as high as ever.

Vote: https://t.co/eoxT07d7QB https://t.co/8oyMQzR2iM",JoeBiden
131,2020-10-23 15:45:41+00:00,"Return your ballots, folks.

https://t.co/eoxT07d7QB",JoeBiden
132,2020-10-23 15:01:00+00:00,"Utah — today is the last day to register to vote online.

After today, you can register when you vote early in-person or at the polls on Election Day.

Head to https://t.co/Ukm319OHjo to get registered.",JoeBiden
133,2020-10-23 14:17:00+00:00,Nebraska –– It’s your last day to register to vote in-person. Head to https://t.co/K5rrtCjL7O to find all the information you need.,JoeBiden
134,2020-10-23 03:25:24+00:00,"Let’s go win this, folks.

https://t.co/eoxT07d7QB",JoeBiden
135,2020-10-23 03:00:00+00:00,"Folks, I just stepped off the debate stage, and I’ve never been more fired up and ready to win this election.

Now, I need your help — chip in to keep tonight’s momentum going through Election Day: https://t.co/9lrG3uFUIx",JoeBiden
136,2020-10-23 02:56:00+00:00,"I'm running as a proud Democrat, but I will govern as an American president. I will represent you — whether you vote for me or against me.",JoeBiden
137,2020-10-23 02:53:00+00:00,"Decency, honor, respect, treating people with dignity, making sure that everyone has an even chance.

I'm going to make sure you get that. You haven't been getting it the last four years. https://t.co/KhQIGGZHIH",JoeBiden
138,2020-10-23 02:45:00+00:00,Donald Trump is the most racist president in modern history. https://t.co/6GyKSbRoHA,JoeBiden
139,2020-10-23 02:41:00+00:00,"You know who I am. You know who Donald Trump is. 

The character of the country is on the ballot. https://t.co/LdiIAOhHLj",JoeBiden
140,2020-10-23 02:39:00+00:00,"There is institutional racism in America.

We have to give everyone a fair shot. https://t.co/rB8qzFT8rR",JoeBiden
141,2020-10-23 02:29:00+00:00,"Kids were ripped from their parents’ arms, and now they can't find their parents.

Those kids are alone. With nowhere to go.

It’s criminal. https://t.co/HsfQayx3ZV",JoeBiden
142,2020-10-23 02:22:00+00:00,Donald Trump has a dog whistle about as big as a foghorn.,JoeBiden
143,2020-10-23 02:19:00+00:00,"You know who I am. You know who he is.

The character of the country is on the ballot. Look at us closely.",JoeBiden
144,2020-10-23 02:12:20+00:00,"Equality and justice — the American creed. We have never lived up to it, but we’ve never stopped trying — until this President.",JoeBiden
145,2020-10-23 02:07:00+00:00,Call it Bidencare. https://t.co/Ng3Fvk4fpY,JoeBiden
146,2020-10-23 02:05:00+00:00,"This isn’t about Donald Trump’s family or my family. This is about your family.

Families across America are hurting — but that’s the last thing Donald Trump wants to talk about. https://t.co/qWMgnLHxKY",JoeBiden
147,2020-10-23 02:00:00+00:00,"All Donald Trump can see from Park Avenue is Wall Street.

He thinks the economy is doing well if the Dow Jones is doing well.

Believe it or not, Mr. President, most Americans don't live off the stock market.",JoeBiden
148,2020-10-23 01:58:50+00:00,He’s a confused guy. He doesn’t know who he’s running against. He’s running against Joe Biden.,JoeBiden
149,2020-10-23 01:54:00+00:00,"We’ve been waiting years for President Trump to reveal his grand plan for health care, and he still has nothing to show.

I’ve laid out exactly what I’ll do. Take a look: https://t.co/34NCSYhO2C",JoeBiden
150,2020-10-23 01:53:00+00:00,"I have released all of my tax returns. 22 years. Go look at them.

What is Donald Trump hiding? https://t.co/2TNt0z1QMw",JoeBiden
151,2020-10-23 01:47:00+00:00,"It’s not about his family or my family. It’s about your family.

If you’re a middle-class family right now, you’re hurting badly.",JoeBiden
152,2020-10-23 01:45:28+00:00,Malarkey!,JoeBiden
153,2020-10-23 01:42:00+00:00,I don’t see our country in terms of blue states and red states. We are the United States. https://t.co/7G5IXGA9fu,JoeBiden
154,2020-10-23 01:37:00+00:00,Donald Trump should release his tax returns or shut up about corruption.,JoeBiden
155,2020-10-23 01:28:00+00:00,I don’t look at this the way Donald Trump does — blue states or red states. They’re all the United States.,JoeBiden
156,2020-10-23 01:22:01+00:00,"I’m going to shut down the virus, not the country.",JoeBiden
157,2020-10-23 01:20:00+00:00,"Learning to live with it? Come on. People are dying with it, Mr. President.",JoeBiden
158,2020-10-23 00:28:00+00:00,Ready. https://t.co/RYbnSpEsKB,JoeBiden
159,2020-10-23 00:15:00+00:00,I need you in my corner tonight. Can you chip in before I take the debate stage and help power this campaign through the final 12 days? https://t.co/RAUkSHc6ce,JoeBiden
160,2020-10-22 23:30:00+00:00,"Folks, the final debate is here. Tune in at 9 PM ET as I go head-to-head with Donald Trump for the last time before Election Day.",JoeBiden
161,2020-10-22 22:50:00+00:00,"Donald Trump sees the world from Park Avenue.

I see it from where I came from: Scranton, Pennsylvania. 

It's why I'll fight every day as president to make this country work for the middle class — not the wealthy and well-connected.",JoeBiden
162,2020-10-22 21:36:00+00:00,I’m running as a proud Democrat. But I will be an American president.,JoeBiden
163,2020-10-22 20:00:01+00:00,"I’m always talking about my plans to build back better for all Americans. But what does that really mean for you and your family? 

Watch as @ewarren helps explain: https://t.co/ti7QJCU7j0",JoeBiden
164,2020-10-22 18:48:00+00:00,"On this International Stuttering Awareness Day, I want everyone to remember that the barriers you face don't define who you are. They didn't for me –– as a young boy who stuttered –– and they certainly don't for Brayden.

What defines you is your heart and your courage. https://t.co/zoVPzmroJh",JoeBiden
165,2020-10-22 18:35:00+00:00,"Folks, it's go-time. This is the most important election of our lifetimes — and you can make all the difference.

Vote. https://t.co/eoxT07uII9",JoeBiden
166,2020-10-22 17:25:00+00:00,"Vote like your health care is on the ballot — because it is.

https://t.co/eoxT07uII9 https://t.co/93UPvti02N",JoeBiden
167,2020-10-22 17:01:00+00:00,Thank you to each and every person who has gotten involved in our campaign so far. Whether you chipped in a few dollars or dedicated a few hours of your time — I’m incredibly grateful. Let’s keep our foot on the pedal these final 12 days and finish strong. https://t.co/Rh7jn4HODX,JoeBiden
168,2020-10-22 15:10:00+00:00,"I’ve spent my entire career fighting for the middle class and standing up to the abuse of power.

Donald Trump has spent his entire career looking out for himself and abusing his power. https://t.co/Vie5CP9wq7",JoeBiden
169,2020-10-22 14:35:00+00:00,"Indiana — today is the last day to request your absentee-by-mail ballot. 

You need a valid excuse to vote absentee-by-mail. If you are eligible, head to https://t.co/oGZw9Kg8SH and request yours before it’s too late.",JoeBiden
170,2020-10-22 12:02:00+00:00,"Folks, you heard @BarackObama: Make a plan, vote early, and make sure your friends and family do as well.

https://t.co/eoxT07d7QB https://t.co/deCh7bW9IS",JoeBiden
171,2020-10-22 01:38:00+00:00,"America was an idea. We've never lived up to it but we've never walked away from it before.

https://t.co/VRCnKI0rfQ https://t.co/xLuhhGyJVp",JoeBiden
172,2020-10-22 00:30:00+00:00,"Folks, if you plan to vote by mail and haven’t requested your ballot yet, it’s important that you do so as soon as possible. Deadlines are quickly approaching in states across the country. Head to https://t.co/eoxT07uII9 to find all the information you need. https://t.co/ye5sObBK1z",JoeBiden
173,2020-10-21 23:50:00+00:00,"Vote early.

Vote by mail.

Vote on Election Day.

Just make sure you vote. https://t.co/eoxT07d7QB",JoeBiden
174,2020-10-21 23:15:00+00:00,"President Trump didn't take the necessary precautions to protect himself and others.

How can we trust him to protect the country?",JoeBiden
175,2020-10-21 21:47:08+00:00,I couldn’t be more excited to have my friend @BarackObama hitting the campaign trail. Tune in for his first drive-in rally live from Philadelphia. https://t.co/NJyChqivOt,JoeBiden
176,2020-10-21 21:05:00+00:00,"It’s time we replace Secretary Betsy DeVos with an actual public school educator — one who values our public schools and is capable of guiding all of our schools through this pandemic.

Vote: https://t.co/eoxT07d7QB https://t.co/CWf3H5BqOH",JoeBiden
177,2020-10-21 20:19:33+00:00,Tune in as @BarackObama sits down with community leaders in Philadelphia to talk about what’s at stake in this election. https://t.co/Xzmy0Cs3sw,JoeBiden
178,2020-10-21 20:05:00+00:00,"Hay muchos asuntos que son complicados, pero algunas cosas son visiblemente claras. Las familias deben permanecer unidas. https://t.co/rLC69J5rHI",JoeBiden
179,2020-10-21 19:50:00+00:00,"There are many issues that are complicated, but some things are just black and white. Families belong together. https://t.co/TgIkhAMAtZ",JoeBiden
180,2020-10-21 19:30:24+00:00,Cada día parece que descubrimos nuevos horrores cometidos por el presidente Trump y su administración. https://t.co/eefL58X7R8,JoeBiden
181,2020-10-21 18:36:13+00:00,Every day it seems we uncover new horrors perpetrated by President Trump and his administration. https://t.co/eefL58X7R8,JoeBiden
182,2020-10-21 17:02:00+00:00,"The Build Back Better Express Tour was about more than my love for trains — it was about meeting folks along the way and discussing how we can make their lives better.

They are the backbone of America — and I’ll fight for them every day in the White House. https://t.co/HhJHo35DvD",JoeBiden
183,2020-10-21 15:30:00+00:00,"Justice is on the ballot.

https://t.co/eoxT07uII9 https://t.co/0dg9Cg1f2i",JoeBiden
184,2020-10-21 14:20:00+00:00,"West Virginia — in-person early voting is now open across the state. 

Make a plan to vote at https://t.co/3lR0146LYv.",JoeBiden
185,2020-10-21 03:20:00+00:00,It’s time we see each other as fellow Americans who live in — and love — the United States of America. https://t.co/xawem14X61,JoeBiden
186,2020-10-21 00:45:00+00:00,"I’ve always believed we’re at our best when we’re one America. If we come together, there’s not a single thing we cannot overcome.",JoeBiden
187,2020-10-20 23:50:00+00:00,"If I’m elected president, I won’t waste a minute getting this virus under control. Here’s how I’ll do it: https://t.co/NoPsQ0FDV8",JoeBiden
188,2020-10-20 23:12:00+00:00,"Whether it’s your first time voting or you’re an old pro, voting is better with friends and family. So message a few folks and make your plan to vote together today.

https://t.co/uoiVh9ZqzI https://t.co/clVe9wpOMi",JoeBiden
189,2020-10-20 22:05:00+00:00,"Listening to scientists is not a bad thing.

I can’t believe that has to be said.",JoeBiden
190,2020-10-20 20:46:00+00:00,"America is a nation that values immigrants. It is and has always been one of our greatest strengths.

We need a president who understands that. https://t.co/fIuNJUrfY3",JoeBiden
191,2020-10-20 19:40:00+00:00,"A few weeks ago, I spoke to Mr. Rogers’ wife Joanne when I was in her neighborhood in Pittsburgh. It was a great conversation.

Friendship, empathy, kindness, and compassion — I think we could all learn a thing or two from her and her husband’s example. https://t.co/lRX9jt7FXS",JoeBiden
192,2020-10-20 18:59:00+00:00,"Tonight, the Avengers are assembling with real-life superhero @KamalaHarris for a grassroots fundraiser.

Time is running out to join them. Chip in to reserve your spot: https://t.co/kLqUKmDCjK https://t.co/3wL1zcFFd6",JoeBiden
193,2020-10-20 17:45:00+00:00,"Two weeks from today, we’re going to beat President Trump.",JoeBiden
194,2020-10-20 17:04:17+00:00,"Mr. President, the people are tired. They’re tired of your lies about this virus. They’re tired of watching more Americans die, and more people lose their jobs because you refuse to take this pandemic seriously. https://t.co/pdxdo3FadB",JoeBiden
195,2020-10-20 17:04:16+00:00,"Waving a white flag and saying, “it is what it is” is unacceptable when thousands are dying each week, when businesses are closing, and when schools remain shuttered. The American people have never backed down from a challenge, but they need a leader to show the way.",JoeBiden
196,2020-10-20 17:04:16+00:00,"Yesterday, @realDonaldTrump decided to attack Dr. Fauci once again, calling him a ‘disaster’ and public health experts ‘idiots.’ Meanwhile, he still has no plan to beat this virus.",JoeBiden
197,2020-10-20 16:10:00+00:00,"Happy Birthday, @KamalaHarris. Next year, let’s celebrate with some ice cream at the White House. https://t.co/SWhS32AaIE",JoeBiden
198,2020-10-20 15:58:00+00:00,"If you live in Hawaii, Utah, or Wisconsin, in-person early voting is now underway.

Millions of Americans across the country have already voted. Join them and cast your ballot today. https://t.co/eoxT07uII9",JoeBiden
199,2020-10-20 15:45:00+00:00,"Maryland and New Mexico — if you plan to vote by mail, today is the last day to request your absentee ballot.

Head to https://t.co/eoxT07d7QB before it's too late.",JoeBiden
200,2020-10-20 14:36:00+00:00,"The simple, sad truth is that this president is not in office to serve the American people. He’s in it to serve himself.

@KamalaHarris and I are in this for you and your families. https://t.co/mV9ONHhn1b",JoeBiden
201,2020-10-20 01:20:00+00:00,Pennsylvania — there are just a few hours left to register to vote online. Don’t miss your chance to make your voice heard in this election. Head to https://t.co/U1KkwCfDCV and register before 11:59 PM.,JoeBiden
202,2020-10-20 01:05:00+00:00,"For once, Donald Trump is correct: I will listen to scientists. https://t.co/jmxoDn1Ezp",JoeBiden
203,2020-10-20 00:44:00+00:00,I will be a president who pushes towards the future. Not one who clings to the past.,JoeBiden
204,2020-10-20 00:07:00+00:00,".@realDonaldTrump — if you had listened to the scientists, it wouldn't be this bad. https://t.co/0eNuV4pAMK",JoeBiden
205,2020-10-19 23:10:00+00:00,"Folks, the Avengers are coming back together for their biggest battle yet. Join them and @KamalaHarris tomorrow night for a grassroots fundraiser you won’t want to miss: https://t.co/D4fn4nxv9i https://t.co/3sGQRBW7yu",JoeBiden
206,2020-10-19 22:46:00+00:00,"We are in a battle for the soul of this nation — and it’s a battle we can and must win.

Vote. https://t.co/eoxT07d7QB",JoeBiden
207,2020-10-19 20:22:07+00:00,...yes https://t.co/LZyAQugqoW,JoeBiden
208,2020-10-19 19:40:00+00:00,"Early voting starts today in:

Alaska
Arkansas
Colorado
Florida (in most counties)
Idaho (in some counties)
North Dakota

Don't wait until November 3rd to cast your ballot — vote early today: https://t.co/eoxT07d7QB https://t.co/X5ylgiW5Ss",JoeBiden
209,2020-10-19 19:02:00+00:00,"This election is about so much more than policies. The soul of America is on the ballot. 

@KamalaHarris and I will work every day to bind up our wounds and bring this country back together. https://t.co/hsy8JIIAqk",JoeBiden
210,2020-10-19 17:07:00+00:00,It’s long past time we build an economy that rewards work — not wealth. https://t.co/rm9AK6rBxW,JoeBiden
211,2020-10-19 15:45:00+00:00,"Together, we can put an end to the last four years of darkness, division, and chaos.

We can unite, mend our wounds, and begin to heal.

It starts at the ballot box: https://t.co/eoxT07uII9 https://t.co/bmpMpedpdQ",JoeBiden
212,2020-10-19 13:30:00+00:00,15 days. Let’s finish strong.,JoeBiden
213,2020-10-19 12:40:35+00:00,...yes https://t.co/RzZ3j3zoAL,JoeBiden
214,2020-10-19 01:00:00+00:00,"You have the power to own the outcome of this election — but only if you vote.

Head to https://t.co/eoxT07uII9 and make your plan to cast your ballot today.",JoeBiden
215,2020-10-19 00:00:01+00:00,Wear a mask. Wash your hands. Vote out Donald Trump.,JoeBiden
216,2020-10-18 23:10:00+00:00,"I’ve had a rule my entire life: No matter what’s happening, no matter how important the meeting, I’ll always answer a call from my grandchildren. https://t.co/mmsB1GOxAu",JoeBiden
217,2020-10-18 21:35:00+00:00,I believe there is not a single thing we cannot accomplish as a country if we do it together. https://t.co/suxrTITkTm,JoeBiden
218,2020-10-18 21:06:00+00:00,The truth is things in life are easier when you have a plan — and that includes voting. So my team set up a tool to help you make your plan to vote. Check it out: https://t.co/uoiVh9ZqzI,JoeBiden
219,2020-10-18 20:00:00+00:00,"From tackling climate change to making community college free for all — I've got big plans for the country.

And I'll pay for them by making sure the super-wealthy, like President Trump, pay more than $750 in federal income taxes.",JoeBiden
220,2020-10-18 19:15:00+00:00,"I’ve spent my entire career fighting for a more just, safe, and prosperous America — and I’m not finished yet. https://t.co/cS3LPT7afX",JoeBiden
221,2020-10-18 18:30:00+00:00,"COVID-19 cases are on the rise across the nation.

But instead of leading by example, Donald Trump continues to put others in danger with his campaign events that ignore expert-recommended precautions.

Every day he proves just how unfit he is to lead America through this crisis.",JoeBiden
222,2020-10-18 17:34:22+00:00,"I’m in Durham, North Carolina, encouraging folks to make their plan to vote early. Tune in — and then head to https://t.co/uoiVh9HPb8 to make yours. https://t.co/lNw7Jxuh65",JoeBiden
223,2020-10-18 17:00:00+00:00,"Folks, if you live in Illinois, today is your last day to register to vote online. Don’t wait, head to https://t.co/MNWeBHjGLh and register before it’s too late.",JoeBiden
224,2020-10-18 16:30:00+00:00,Chip in to help us make Donald Trump a one-term president: https://t.co/JR9S8cVokb,JoeBiden
225,2020-10-18 15:08:00+00:00,Turns out Twitter isn’t so bad when you read tweets that aren’t from President Trump. https://t.co/ZKA2dwZQks,JoeBiden
226,2020-10-18 00:30:00+00:00,"A job is about a lot more than a paycheck.

It's about dignity. It's about respect. It's about being able to look your kid in the eye and say everything will be okay.

Too many people today can't do that — and it's got to change.",JoeBiden
227,2020-10-17 23:15:00+00:00,"Every day we're reminded just how much is at stake in this election. We can't afford to have anyone sit on the sidelines.

Vote. https://t.co/eoxT07d7QB",JoeBiden
228,2020-10-17 22:15:00+00:00,"In the middle of a pandemic, President Trump is trying to eliminate Obamacare and increase health care costs for millions.

Now, he’s rushing through a U.S. Supreme Court justice to help him get it done. It’s unconscionable. 

Make no mistake: Health care is on the ballot.",JoeBiden
229,2020-10-17 21:15:00+00:00,"If we do our part, if we stand together, if we keep faith with the past and with each other — then the divisions of our time can give way to the dreams of a brighter, better future. 

That is our work. That is our pledge. That is our mission.",JoeBiden
230,2020-10-17 19:55:00+00:00,Promise? https://t.co/Wbl86i8uYo,JoeBiden
231,2020-10-17 19:20:00+00:00,"This election is bigger than any one candidate. 

It's about the future of our economy, our health care, our climate, our commitment to racial justice, our democracy –– and so much more.

We have to vote. https://t.co/eoxT07d7QB",JoeBiden
232,2020-10-17 18:00:00+00:00,"As president, I’ll protect and build on Obamacare by:

- Giving Americans the choice to buy a new public option
- Lowering premiums, deductibles, and co-pays
- Standing up to prescription drug corporations

We’re going to make sure every American has access to the care they need.",JoeBiden
233,2020-10-17 16:59:00+00:00,You deserve a president who will actually tell you the truth. https://t.co/I9XzZ0ADmT,JoeBiden
234,2020-10-17 16:15:00+00:00,Nevada — early voting has officially started. Join the over 20 million people across the country who have already voted early and cast your ballot today. https://t.co/ajJjiHhlLu,JoeBiden
235,2020-10-17 14:30:00+00:00,"As the Hindu festival of Navratri begins, Jill and I send our best wishes to all those celebrating in the U.S. and around the world. May good once again triumph over evil — and usher in new beginnings and opportunity for all.",JoeBiden
236,2020-10-17 14:01:00+00:00,"We’ve got to come together to defeat Donald Trump –– Democrats, Independents, Republicans, and yes, even Demo-cats. https://t.co/LtsTWy7MmI",JoeBiden
237,2020-10-17 00:32:00+00:00,"Folks, millions of you have already requested absentee ballots. It’s essential to return your ballots as soon as you can. You can return your ballot by mail or, in most states, at locations designated by your clerk. Head to https://t.co/eoxT07uII9 to learn more. https://t.co/ULvjzpb8PZ",JoeBiden
238,2020-10-16 23:54:00+00:00,"Violence against transgender and gender non-conforming people — particularly Black and Brown transgender women — is an epidemic that needs national leadership. But Donald Trump has done nothing but fan the flames of transphobia.

It has to end. https://t.co/v2DAbcIcCv",JoeBiden
239,2020-10-16 23:20:00+00:00,Let’s be clear: The emergency aid should have never been denied in the first place. https://t.co/GZuhSNSY7y,JoeBiden
240,2020-10-16 22:26:58+00:00,"The election is underway across the country, and millions of Americans have already cast their ballots. I’m in Detroit, Michigan, to encourage folks to join them and vote early. Tune in. https://t.co/8QXlDNjKzi",JoeBiden
241,2020-10-16 22:10:00+00:00,"Not only does President Trump refuse to grant Temporary Protected Status to Venezuelans, but he also apparently used stealth deportations to send them back to the oppressive Maduro regime.

It’s abundantly clear he has no regard for the suffering of the Venezuelan people. https://t.co/wJnQ5EDT7M",JoeBiden
242,2020-10-16 21:30:00+00:00,"You have the power to prevent 2016 from happening again — but only if you vote.

https://t.co/eoxT07d7QB https://t.co/ujWChoXpYK",JoeBiden
243,2020-10-16 20:37:00+00:00,We need a president who will expand access to health care — not one who does everything he can to tear it away.,JoeBiden
244,2020-10-16 19:34:48+00:00,We can’t let President Trump tear down Obamacare — we have to protect and build on it. Tune in as I speak live from Michigan about my plans to give more Americans access to affordable health care. https://t.co/RZ8hakbLbe,JoeBiden
245,2020-10-16 17:57:00+00:00,"I know times are tough, but I promise our best days still lie ahead. Together, we're going to overcome these crises, unite the country, and build a better future for all.",JoeBiden
246,2020-10-16 17:11:00+00:00,"The cast of Hamilton knows we're engaged in a battle for this nation's very soul — and this election is too important to sit out. So they're coming together for a grassroots fundraiser tonight that you won't want to miss.

Chip in to reserve your spot: https://t.co/3ScSFrEMSr",JoeBiden
247,2020-10-16 15:00:02+00:00,".@JLo and @AROD –– Jill and I are deeply grateful to have your support.

Thank you for stepping up and speaking out. As Jennifer said: The Latino community has the power to determine the outcome of this election. 

Vote: https://t.co/eoxT07d7QB https://t.co/Nf08ln8XVj",JoeBiden
248,2020-10-16 14:40:00+00:00,Louisiana –– early voting begins today across the state. Head to https://t.co/2NyiL42it7 to find all the info you need to cast your ballot.,JoeBiden
249,2020-10-16 14:20:00+00:00,Nebraska — today is your last day to register to vote online and by mail. Head to https://t.co/K5rrtCjL7O to get registered before it’s too late.,JoeBiden
250,2020-10-16 02:05:00+00:00,"I just stepped off the stage at tonight’s town hall, where I laid out what’s at stake in this election.

Now, I need your help. Chip in to power our campaign through this final stretch. https://t.co/OcFsE3oMHq",JoeBiden
251,2020-10-16 01:56:00+00:00,"If I'm elected president, you won't hear me race-baiting, you won't hear me dividing — you'll hear me trying to unify. https://t.co/PNsBW8OQmX",JoeBiden
252,2020-10-16 01:53:00+00:00,"How will I ensure the rights of LGBTQ+ people are protected under U.S. law?

I’ll change the law.",JoeBiden
253,2020-10-16 01:42:00+00:00,We have to heal this nation. https://t.co/wD45ZGcKO2,JoeBiden
254,2020-10-16 01:33:00+00:00,"I'm running as a proud Democrat, but I'm going to be an American president. 

I'm going to take care of those who voted against me as well as those who voted for me. 

That's what presidents do.",JoeBiden
255,2020-10-16 01:29:00+00:00,"We're a diverse country — and unless we are able to treat people equally, we're just never going to meet our potential.",JoeBiden
256,2020-10-16 01:02:00+00:00,"Folks, I hope I’m making you proud during tonight’s town hall.

If you’re with us, please chip in to help power our campaign over these final 19 days. https://t.co/rA9WmMPRxs",JoeBiden
257,2020-10-16 00:47:00+00:00,"Two of the things I've cared about throughout my whole career:

1. Improving the criminal justice system.
2. Putting Black Americans in a position to gain generational wealth.

And as president, I will continue that fight every day.",JoeBiden
258,2020-10-16 00:31:00+00:00,The words of a president matter. https://t.co/ABrbg5xTkg,JoeBiden
259,2020-10-16 00:20:00+00:00,"Let me be very clear: If you make under $400,000 you won’t pay a penny more in taxes under my administration.",JoeBiden
260,2020-10-16 00:18:00+00:00,"The words of a president matter. And when a president doesn't wear a mask or makes fun of folks who do, it has consequences.",JoeBiden
261,2020-10-16 00:11:00+00:00,"We're eight months into this pandemic, and Donald Trump still doesn't have a plan to get this virus under control.

I do.",JoeBiden
262,2020-10-15 23:47:00+00:00,"I’m about to step on stage for tonight’s town hall in Philadelphia, Pennsylvania. Tune in to @ABC to watch live.",JoeBiden
263,2020-10-15 23:21:00+00:00,"This is not a moment — it's a movement.

Rise up and be a part of it with the original cast of Hamilton.

Chip in to join: https://t.co/YtCDSeBN01",JoeBiden
264,2020-10-15 21:31:00+00:00,"Well, folks, @KamalaHarris and I watched some of President Trump’s remarks from the campaign trail — and it went just as you’d imagine. We wanted to take a moment to clear up some of the lies he’s been saying about us. https://t.co/QWqXp3qdSD",JoeBiden
265,2020-10-15 20:38:08+00:00,"Our campaign’s contact tracing remains ongoing, and my team will continue to share any significant developments with the American people. If anything, let this serve as an example of the importance of wearing masks and keeping a safe, social distance.",JoeBiden
266,2020-10-15 20:37:26+00:00,"Not only was the individual 50+ feet away and wearing a mask, but I was wearing an N-95 mask. No members of my staff were in contact with this crew member either.  My doctors have advised that there is no need for me to quarantine.",JoeBiden
267,2020-10-15 20:36:44+00:00,"During our contact tracing, we discovered around noon today that a member of the company that charters my airplane has also tested positive for COVID. This crew member was on the plane with me, but was more than 50 feet away. 

My COVID test from last night came back negative.",JoeBiden
268,2020-10-15 20:00:01+00:00,"Donald Trump is rushing through Justice Ginsburg's replacement because he's laser-focused on destroying the Affordable Care Act. 

Here's what's at stake: https://t.co/W7kluAVe2l",JoeBiden
269,2020-10-15 19:15:00+00:00,President Obama and I left Donald Trump a booming economy — and he caused a recession. He squandered it just like he has everything else he’s inherited in his life.,JoeBiden
270,2020-10-15 18:30:00+00:00,Nevada — today is the last day to register to vote online to automatically receive a ballot in the mail. Head to https://t.co/ajJjiHyWD2 for all the information you need to make your voice heard.,JoeBiden
271,2020-10-15 18:00:00+00:00,"Donald Trump can lie about the economy all he wants, but the truth is he’s the worst jobs president since 1929. https://t.co/lShe254BEG",JoeBiden
272,2020-10-15 17:25:00+00:00,"This #SpiritDay — and every day — we must stand up to hate and intolerance. It’s up to all of us to ensure every young person is affirmed and accepted just as they are — regardless of sexual orientation, gender identity or expression.",JoeBiden
273,2020-10-15 16:48:00+00:00,Arizona — ¡la fecha límite para registrarte para votar en Arizona ha sido extendida! Visita https://t.co/nApec6sbPe para registrarte en linea antes de las 11:59PM el jueves 15 de octubre.,JoeBiden
274,2020-10-15 15:52:00+00:00,"Arizona — your voter registration deadline has been extended! Head to https://t.co/2fKBLS6oXu to get registered online before 11:59 PM on Thursday, October 15.",JoeBiden
275,2020-10-15 14:45:00+00:00,North Carolina –– early voting begins today across the state. Head to https://t.co/3bJfY7O8Ap for all the info you need to make your voice heard.,JoeBiden
276,2020-10-15 13:45:00+00:00,"The fact that Senate Republicans haven’t bothered to pass a COVID relief package but are rushing through President Trump’s Supreme Court pick says all you need to know.

We’ve got to flip the Senate, folks.",JoeBiden
277,2020-10-15 02:52:00+00:00,I heard it's #NationalDessertDay https://t.co/RtBhurORwR,JoeBiden
278,2020-10-15 02:38:06+00:00,Nature knows. https://t.co/JNSOxAUDLu,JoeBiden
279,2020-10-15 02:02:00+00:00,"Folks, we can’t let up. We’re just a few hours away from our last public fundraising deadline before Election Day, and we need your help to hit our goal.

It all comes down to this. Chip in to beat Donald Trump: https://t.co/fMpq2FQjWw",JoeBiden
280,2020-10-15 01:18:00+00:00,"To every person who chipped in a few dollars last month — thank you. Because of your support, we raised an astounding $383 million. I'm incredibly humbled.

There's still more work to be done, but I wanted to share the good news with Trimicka, one of our grassroots supporters. https://t.co/f9hIPT6PTW",JoeBiden
281,2020-10-14 22:58:00+00:00,"Vote for America.

https://t.co/eoxT07uII9 https://t.co/sBd51fgmln",JoeBiden
282,2020-10-14 22:30:00+00:00,"If President Trump has his way in the U.S. Supreme Court, long-term complications from COVID-19, like lung scarring and heart damage, will become pre-existing conditions that could result in higher premiums or denied coverage.

It’s unconscionable.",JoeBiden
283,2020-10-14 21:40:00+00:00,"There's only one way to end this horror: Vote.

https://t.co/eoxT07uII9 https://t.co/3RTLmdyzMa",JoeBiden
284,2020-10-14 21:15:00+00:00,Rhode Island and Tennessee — early voting has officially started. Join millions of people across the country and vote early today. https://t.co/eoxT07uII9,JoeBiden
285,2020-10-14 20:37:00+00:00,Don't throw away your shot to spend Friday night with the original cast of Hamilton. Chip in today to reserve your spot: https://t.co/utKe7y9Jg5 https://t.co/QkyGHlTYsl,JoeBiden
286,2020-10-14 19:40:00+00:00,"Today would have been George Floyd’s 47th birthday, and he should be alive to celebrate it.

I made a promise to his family that I won’t let him become just another hashtag — and I’ll work every day as president to keep that promise.",JoeBiden
287,2020-10-14 18:30:00+00:00,"Tonight, our campaign will close our books and send in the names of our grassroots supporters for the final time. 

Chip in to make sure you’re on the list: https://t.co/ff1FGgz3yE",JoeBiden
288,2020-10-14 18:01:00+00:00,"Virginia — your voter registration deadline has been extended! Head to https://t.co/fnQjqg1By6 to get registered online before 11:59 PM on Thursday, October 15.",JoeBiden
289,2020-10-14 16:35:00+00:00,"Donald Trump wants to destroy Obamacare.

I want to protect and build on it.

It’s that simple, folks.",JoeBiden
290,2020-10-14 15:35:00+00:00,"If President Trump is successful in forcing through his nominee to the U.S. Supreme Court, it will likely repeal the ACA and 100 million Americans with pre-existing conditions will lose their protections.
 
Vote like your health care depends on it. Because it does. https://t.co/XgY2aGRZq2",JoeBiden
291,2020-10-14 15:02:00+00:00,Kansas –– you can advance vote in many counties starting today. Head to https://t.co/UXWStEl2zn to find all the info you need to cast your ballot in this election.,JoeBiden
292,2020-10-14 14:32:00+00:00,"Wisconsin — today is your last day to register to vote online or by mail. Apply online by 11:59 PM or make sure your mail application is postmarked by today. 

Don’t let history repeat itself.

Head to https://t.co/YtDgQAoMCh to register now. https://t.co/k9pZKeAW2b",JoeBiden
293,2020-10-14 13:27:00+00:00,20 days.,JoeBiden
294,2020-10-14 01:30:00+00:00,"Thank you, Florida! https://t.co/liQYRmvY7J",JoeBiden
295,2020-10-14 00:45:00+00:00,I’ll be a president for all Americans. Not just the ones who vote for me.,JoeBiden
296,2020-10-13 23:45:00+00:00,"Folks, it’s hard to believe, but tomorrow night marks our final public fundraising deadline of the campaign.

Can you chip in to help us post our strongest numbers yet? https://t.co/OZNNVP6VM6",JoeBiden
297,2020-10-13 23:16:00+00:00,"Here's something that will be very different if I'm president: I'll actually listen to Dr. Fauci's advice and expertise, not attack him for telling the truth. https://t.co/RCXV5gtSbw",JoeBiden
298,2020-10-13 22:45:00+00:00,"We all know President Trump has a tendency to stray from the truth, so let's set the record straight. https://t.co/hMtEkvECQR",JoeBiden
299,2020-10-13 22:03:00+00:00,"The election is already underway.

Millions of Americans are voting. 

And they deserve to have their voices heard when it comes to who serves on the U.S. Supreme Court.",JoeBiden
300,2020-10-13 21:20:53+00:00,"With just three weeks until Election Day, I’m in Miramar, Florida, to encourage folks to make their plan to vote. Tune in — and then head to https://t.co/uoiVh9HPb8 to make your plan today. https://t.co/5xzlVvl8xe",JoeBiden
301,2020-10-13 20:15:00+00:00,"215,000 Americans have died from COVID-19 on Donald Trump’s watch. 

It’s the greatest failure of presidential leadership in our nation’s history.",JoeBiden
302,2020-10-13 17:46:00+00:00,"Folks, we have arrived at the final frontier of this election — and your support is more important than ever. Chip in to join us for a grassroots fundraiser as we boldly go into these last three weeks: https://t.co/ywclqY6n5E https://t.co/wKRyRclgda",JoeBiden
303,2020-10-13 17:18:00+00:00,Kentucky — in-person early voting begins today across the state. Head to https://t.co/JRj2A8zKYo and make your plan to vote.,JoeBiden
304,2020-10-13 16:35:00+00:00,"If you live in:

Kansas
Louisiana
Maryland
Minnesota
New Jersey
Oregon
Virginia
Washington D.C.
West Virginia

Today is your last day to register to vote. Head to https://t.co/eoxT07d7QB to register before it's too late. https://t.co/KzozufgQH7",JoeBiden
305,2020-10-13 16:02:00+00:00,"Texas — early voting begins today across the state.

Your voice can change the course of history — use it.

Head to https://t.co/COWdd5hED8 and make a plan to vote early today. https://t.co/j1hphIh2bS",JoeBiden
306,2020-10-13 15:30:52+00:00,"@KamalaHarris @DouglasEmhoff Happy Birthday, @DouglasEmhoff!",JoeBiden
307,2020-10-13 14:45:00+00:00,"Donald Trump has been trying to throw out Obamacare for years.

And now he sees an opportunity to finally get it done, all while ignoring the will of the people.

We can’t let him.",JoeBiden
308,2020-10-13 13:35:00+00:00,"Three weeks from today, we’re going to make Donald Trump a one-term president.",JoeBiden
309,2020-10-13 01:15:00+00:00,"I am ready to fight for you and for our nation. Every day. Without exception, without reservation. And with a full and devoted heart.",JoeBiden
310,2020-10-13 00:15:00+00:00,We need a president who will unite our country and bring out our best — not one who stokes division and brings out our worst.,JoeBiden
311,2020-10-12 22:40:00+00:00,"Today marks 22 years since Matthew Shepard passed away after a brutal anti-gay hate crime. Over two decades later, violence against LGBTQ+ Americans is at an all-time high. As president, I'll strengthen our hate crimes laws and make clear that bigotry has no place in America.",JoeBiden
312,2020-10-12 21:39:01+00:00,"There's no question: we are neck and neck in Ohio — and with early voting underway and only 22 days until Election Day, there's no time to waste. Join us live from Cincinnati as we get out the vote: https://t.co/oMwv9s2sLE",JoeBiden
313,2020-10-12 21:39:00+00:00,"Donald Trump is running TV ads taking Dr. Fauci out of context and without his permission.

So, here’s a message from the President in his own words. https://t.co/WCYbIfrQLR",JoeBiden
314,2020-10-12 20:04:00+00:00,"The longer Donald Trump is president, the more reckless he gets.",JoeBiden
315,2020-10-12 18:22:00+00:00,I know Americans aren’t looking for a handout. They just want a fair chance to get ahead — and I’ll work every day to make sure folks get that chance.,JoeBiden
316,2020-10-12 17:32:41+00:00,"I'm in Toledo, Ohio, to discuss my plans to build the economy back better for working families. Tune in. https://t.co/MXlsFdS3Xt",JoeBiden
317,2020-10-12 16:30:00+00:00,"Georgia — you don’t have to wait until November 3rd to cast your ballot. Early voting begins today.

Head to https://t.co/RIJ1L4B5o9 to find all the info you need.",JoeBiden
318,2020-10-12 15:41:00+00:00,"On this Indigenous People’s Day, we must both recognize the past that has brought us here, and commit to one another to write a new future of promise, partnership, and equal opportunity for the proud Tribal Nations of our country. https://t.co/7bOkPVCJc3",JoeBiden
319,2020-10-12 00:30:00+00:00,"From Seneca Falls to Selma to Stonewall, we’re at our best when the promise of America is available to all.",JoeBiden
320,2020-10-11 23:40:00+00:00,"Brayden — you have heart, courage, and maturity beyond your years. You have unlimited potential — and I can't wait to see what your future holds. https://t.co/7t2mHOXNMa",JoeBiden
321,2020-10-11 22:45:00+00:00,"This election, you have the power to choose:

Hope over fear.
Truth over lies.
Unity over division.

Vote. https://t.co/eoxT07uII9",JoeBiden
322,2020-10-11 21:30:00+00:00,"I helped pull this country out of a recession before — and, as president, I’ll do it again.",JoeBiden
323,2020-10-11 20:30:00+00:00,"In January, I said President Trump was the worst possible leader to deal with a public health crisis. And everything we’ve been through in the months since has proven that to be true. https://t.co/twcy3Ql0Xc",JoeBiden
324,2020-10-11 19:30:00+00:00,"When President Trump was told one thousand Americans were dying every day from COVID-19, he shrugged it off and said, ""it is what it is.""

It is what it is?

This president doesn't even pretend to care about the Americans he swore to serve. It's disgraceful.",JoeBiden
325,2020-10-11 17:30:00+00:00,"Today we join Polish-Americans in celebrating General Pulaski, whose heroism built the American cavalry and saved the life of George Washington. America will always stand with the Polish people against the common threats we face.",JoeBiden
326,2020-10-11 16:02:00+00:00,"I want every member of the LGBTQ+ community to know you are loved and accepted just as you are — whether you've come out or not. I'll fight every day in the White House to create a country where you can live open, proud, and free — without fear. #NationalComingOutDay",JoeBiden
327,2020-10-11 15:22:00+00:00,There is no excuse for President Trump’s reckless behavior. https://t.co/ooUh6pxRDt,JoeBiden
328,2020-10-11 00:00:00+00:00,"One in five small businesses have closed.
More than 25 million Americans are on unemployment.
Millions are at risk of losing their homes.

But President Trump doesn’t seem to care. He only cares about how he and his wealthy friends are doing.",JoeBiden
329,2020-10-10 23:00:01+00:00,"America has to be about the possibilities of prosperity. 

Not just for the privileged few. But for the many — for all of us.",JoeBiden
330,2020-10-10 21:50:00+00:00,"The fact is this pandemic has exposed the cracks in our already broken mental health care system.

We can and must do better.

As president, I’ll fight to achieve mental health parity, expand access to care, and wipe out the stigma. #WorldMentalHealthDay",JoeBiden
331,2020-10-10 20:55:33+00:00,"I’m in Erie, Pennsylvania, to discuss my plans to build back better. Tune in. https://t.co/8NqGra1egn",JoeBiden
332,2020-10-10 20:20:00+00:00,"We're eight months into this crisis, and this president still has no plan to rebuild our economy.

I do. I'll get America back to work — and build back better.

Here's how: https://t.co/XjiTnHDiUk",JoeBiden
333,2020-10-10 19:30:00+00:00,"Let’s go vote, America.

https://t.co/eoxT07d7QB https://t.co/Nso0pXH7ER",JoeBiden
334,2020-10-10 17:45:00+00:00,We need a president who understands hardworking Americans — not one who looks down on them.,JoeBiden
335,2020-10-10 16:48:00+00:00,"What does building back better mean for you?

- Millions of new, good-paying jobs
- A $15 federal minimum wage
- Stronger benefits and fair workplaces
- An economy that works for everyone—not just the wealthy
- The choice to join a union

That's the future we can build together.",JoeBiden
336,2020-10-10 15:22:00+00:00,"If you're sick, struggling, or worried about how you're going to get through the day — know you are not alone.

We're all in this together. And together, we'll emerge stronger than before. https://t.co/ztiKctOcHW",JoeBiden
337,2020-10-10 14:55:00+00:00,To all my fellow Delawareans — today is your last day to register to vote. Head to https://t.co/CMstw01RMW to get registered today.,JoeBiden
338,2020-10-10 13:35:00+00:00,"Over 213,000 Americans have died from this virus — and the hard truth is it didn’t have to happen this way. https://t.co/27TL7PAhCi",JoeBiden
339,2020-10-10 00:20:00+00:00,"You and I can change the course of history.

Vote: https://t.co/eoxT07uII9 https://t.co/r1GFkkUkyt",JoeBiden
340,2020-10-09 23:49:56+00:00,"40,000 people a day are coming down with the coronavirus. What is the matter with this guy? https://t.co/N71KynIX2k",JoeBiden
341,2020-10-09 22:30:00+00:00,John — and farmers across the country — can’t afford four more years of a climate change denier in the White House. https://t.co/Nnv3XPdDlx,JoeBiden
342,2020-10-09 21:25:20+00:00,Tune in as I deliver remarks from our drive-in event in Las Vegas. https://t.co/wWSWQgfyw6,JoeBiden
343,2020-10-09 20:05:00+00:00,"It’s estimated that nearly another 200,000 Americans could lose their lives by the end of the year because of this virus.

Enough. No more.

Let’s set the partisanship aside. Let’s end the politics. Let’s follow the science.",JoeBiden
344,2020-10-09 18:52:00+00:00,"Why did Donald Trump tell Bob Woodward the truth about COVID-19, but not the American people?",JoeBiden
345,2020-10-09 16:46:00+00:00,"Congratulations to the UN World Food Program. With global hunger on the march, made worse by the pandemic and conflict around the world, we must come together to fight food insecurity. As president, I'll support the WFP and reassert American leadership to address global hunger. https://t.co/mt5uwCG5zT",JoeBiden
346,2020-10-09 15:08:00+00:00,25 days. Let’s win this thing.,JoeBiden
347,2020-10-09 14:15:00+00:00,"What we need in America is leadership that seeks to de-escalate tensions, to open lines of communication, and to bring us together. To heal — and to hope.

As president, that is precisely what I will do.",JoeBiden
348,2020-10-09 01:15:00+00:00,"Jill and I are keeping the Gulf Coast in our prayers tonight. If you’re in Hurricane Delta’s path, please heed the advice of local officials, take steps to prepare, and stay safe. https://t.co/GAtLxm1n3S",JoeBiden
349,2020-10-09 00:45:00+00:00,"Time and time again, President Trump has refused to condemn white supremacy and stoked the flames of hate for political gain.

It’s a pattern — and America deserves better. https://t.co/o1zKKd0bpf",JoeBiden
350,2020-10-09 00:15:00+00:00,".@CP3 and @StephenCurry30 know exactly what it means to finish strong down the stretch. We’re in the closing days of this campaign, and it’s time to finish this fight and cast our ballots. 

Don’t miss your shot: Register to vote today at https://t.co/eoxT07d7QB. https://t.co/Xek40JpcUc",JoeBiden
351,2020-10-09 00:01:00+00:00,"After last night, I just had to write a note about my friend and running mate, @KamalaHarris. https://t.co/FYPXV5dZZG",JoeBiden
352,2020-10-08 23:25:00+00:00,".@KamalaHarris is right: If you have a pre-existing condition, the Trump Administration is coming for you.

Vote like your health care depends on it — because it does.

https://t.co/eoxT07d7QB https://t.co/Nf4IJZvL7U",JoeBiden
353,2020-10-08 22:51:00+00:00,"Last night, @KamalaHarris chose truth over lies.

She chose hope and unity over fear and division.

She showed America what true leadership looks like — and I couldn't be prouder.",JoeBiden
354,2020-10-08 21:42:00+00:00,"Every generation that has followed Gettysburg has been faced with a moment when it must answer this question: Will we allow the sacrifices made in that battle, and that war, to be in vain?
 
We cannot, and we must not. It's time to come together. https://t.co/jmVGQRS4zy",JoeBiden
355,2020-10-08 20:24:00+00:00,"Folks, there was only one person on last night’s debate stage who’s fit to serve as Vice President — and her name is @KamalaHarris.",JoeBiden
356,2020-10-08 19:05:00+00:00,"I promise you that as president, I will always appeal to the best in us — not the worst. https://t.co/E07GuV4m7G",JoeBiden
357,2020-10-08 18:04:00+00:00,I’m running as a proud Democrat. But I will govern as an American president. https://t.co/UgNPbQdNZH,JoeBiden
358,2020-10-08 16:50:00+00:00,"We must seek not to build walls, but bridges.

We must seek not to clench our fists, but to open our arms.

We must seek not to tear each other apart, but to come together.",JoeBiden
359,2020-10-08 15:40:00+00:00,Last night @KamalaHarris showed America exactly why she’ll make an incredible Vice President. https://t.co/9BCqSUrl50,JoeBiden
360,2020-10-08 02:47:01+00:00,".@KamalaHarris, you made us all proud tonight.",JoeBiden
361,2020-10-08 02:44:16+00:00,https://t.co/TtWm3i4eaq.,JoeBiden
362,2020-10-08 02:33:09+00:00,Pitch in $5 to help this campaign fly. https://t.co/CqHAId0j8t https://t.co/NbkPl0a8HV,JoeBiden
363,2020-10-08 02:25:14+00:00,"Donald Trump has made hate, division, and dog whistles central to his campaign from the very beginning – and last week he couldn't even condemn white supremacists. It’s a pattern.",JoeBiden
364,2020-10-08 01:49:07+00:00,"Let me be clear: A Biden-Harris Administration won't increase taxes by a dime on anyone making less than $400,000 a year.",JoeBiden
365,2020-10-08 01:28:17+00:00,".@KamalaHarris is showing the American people why I chose her as my running mate. She’s smart, she’s experienced, she’s a proven fighter for the middle class. She’ll be an incredible Vice President.",JoeBiden
366,2020-10-08 01:13:31+00:00,"We’re eight months into this pandemic and Donald Trump and Mike Pence still have no plan to deal with COVID-19. He’s still hoping it will just “disappear.”

@KamalaHarris and I have a comprehensive, science-backed plan to defeat this virus.

Take a look: https://t.co/xjxsDn2qCD",JoeBiden
367,2020-10-08 00:40:00+00:00,".@KamalaHarris is about to take the debate stage –– but before she does, I need your help.

Will you chip in to make sure Kamala knows you’ve got her back as she takes on Vice President Pence? https://t.co/QwFRpbMJVC",JoeBiden
368,2020-10-08 00:31:26+00:00,"Before @KamalaHarris steps on stage, tune in for a pre-debate event with @MindyKaling, @PadmaLakshmi, @DJCassidy, and more. https://t.co/SByDx8O8lu",JoeBiden
369,2020-10-07 23:52:00+00:00,"Go get 'em, @KamalaHarris. https://t.co/L0YHko1WmA",JoeBiden
370,2020-10-07 23:05:00+00:00,"We can end this era of division.

We can end the hate and the fear.

We can be what we are at our best: one America. https://t.co/ZaUKw91eLZ",JoeBiden
371,2020-10-07 22:16:00+00:00,"Taylor — Thanks for your support and for speaking out at this crucial moment in our nation’s history.

Election Day is right around the corner — are you ready for it? 

https://t.co/eoxT07d7QB https://t.co/TLHRYSjbTx",JoeBiden
372,2020-10-07 20:22:00+00:00,"Folks, I know a thing or two about vice presidential debates.

In 2008, I squared off against Governor Palin. And in 2012, I called out Congressman Ryan's malarkey.

I know @KamalaHarris will do a great job. Join me and tune in at 9 PM ET to cheer her on.",JoeBiden
373,2020-10-07 18:55:00+00:00,"These families fled persecution and violence to seek safety in the land of the free.

But instead of providing refuge, the Trump Administration ripped their children away from them.

The cruelty was the point — and it's reprehensible. https://t.co/uU3q2EW6vO",JoeBiden
374,2020-10-07 18:40:00+00:00,Arizona — in-person early voting starts today. Head to https://t.co/2fKBLSnZP2 to find all the info you need to cast your ballot.,JoeBiden
375,2020-10-07 18:24:00+00:00,"Missouri — today is your last day to register to vote online, in person, or by mail.

Don’t miss your opportunity to help determine the future of this country. Head to https://t.co/lDI7PzhWha and get registered today.",JoeBiden
376,2020-10-07 16:40:00+00:00,"Together, we can set our nation on a new path. One where we finally live up to our highest ideals and everyone gets a fair shot to get ahead.

Let's do this: https://t.co/eoxT07uII9 https://t.co/FgIInBkXBE",JoeBiden
377,2020-10-07 14:10:00+00:00,"As president, I will:

- Implement nationwide mask mandates
- Ensure access to regular, reliable, and free testing
- Accelerate the development of treatments and vaccines

I won’t waste any time getting this virus under control.",JoeBiden
378,2020-10-07 02:12:00+00:00,Please. https://t.co/acHR1Rf8hE,JoeBiden
379,2020-10-07 01:30:00+00:00,"I can’t wait for @KamalaHarris to make history at tomorrow night’s debate. Before she takes the stage, don’t miss this event with @MindyKaling, @PadmaLakshmi, @DJCassidy, and more.

RSVP today: https://t.co/wsuSsUPyI5",JoeBiden
380,2020-10-07 01:05:00+00:00,"Ignore the polls, folks. There’s too much at stake for us to get complacent.

Vote: https://t.co/eoxT07uII9
Donate: https://t.co/AerPVVAHh6
Volunteer: https://t.co/RSMKrK1QZy

Let’s finish these final four weeks strong. https://t.co/Dp0t05dzJZ",JoeBiden
381,2020-10-07 00:46:00+00:00,"Think about what it takes for a Black person to love America. 

That is a deep love for this country that, for far too long, we have never recognized. https://t.co/vTEY156VTj",JoeBiden
382,2020-10-07 00:15:00+00:00,"Look, folks, I'm going to be honest: we'll try pretty much anything to get you to vote this election. My team spun up this quiz to match your personality to an easy voting option. Check it out — but more importantly, vote! https://t.co/TH6ShPiapc",JoeBiden
383,2020-10-06 23:20:00+00:00,"Four weeks from today, voters will head to the polls to determine the outcome of the most important election of our lifetime.

We don’t have a minute to waste — and we need your help to win. Chip in: https://t.co/nx01UKHIyn",JoeBiden
384,2020-10-06 23:05:00+00:00,"Climate change is already here, and ignoring science won't make it go away. If we give the Trump Administration another four years, we'll lose irreplaceable time to combat it. https://t.co/cexxSVQLOQ",JoeBiden
385,2020-10-06 22:50:00+00:00,"Make no mistake: if you are out of work, if your business is closed, if your child’s school is shut down, if you are seeing layoffs in your community, Donald Trump decided today that none of that matters to him.",JoeBiden
386,2020-10-06 22:32:00+00:00,The President turned his back on you. https://t.co/oeI8dck2LL,JoeBiden
387,2020-10-06 21:02:00+00:00,"I give you my word: If I am elected president, I will marshal the ingenuity and goodwill of this nation to turn division into unity and bring us together.",JoeBiden
388,2020-10-06 20:54:00+00:00,"As president, I will embrace:

Hope, not fear.
Peace, not violence.
Generosity, not greed.
Light, not darkness. 

I will be a president who appeals to the best in us. Not the worst.",JoeBiden
389,2020-10-06 20:52:00+00:00,"We fought a Civil War that would secure a Union that would seek to fulfill the promise of equality for all.

And by fits and starts, our better angels have prevailed just enough against our worst impulses to make a new and better nation.

Those better angels must prevail again.",JoeBiden
390,2020-10-06 20:49:00+00:00,"The pandemic is not a red state versus blue state issue. The virus doesn’t care where you live or what political party you belong to.

It infects us all. It will take anyone’s life. It is a virus — not a political weapon.",JoeBiden
391,2020-10-06 20:45:00+00:00,I do not believe we have to choose between law and order and racial justice in America.,JoeBiden
392,2020-10-06 20:44:00+00:00,"As president, I will send a clear, unequivocal message to the entire nation: There is no place for hate in America.

It will be given no license. It will be given no oxygen. It will be given no safe harbor.",JoeBiden
393,2020-10-06 20:29:43+00:00,We are engaged once again in a battle for the soul of the nation. It’s a battle we’ve been in before and we can win again. Tune in as I deliver remarks from Gettysburg. https://t.co/I9KItf8Fjn,JoeBiden
394,2020-10-06 18:19:00+00:00,Unity over division.,JoeBiden
395,2020-10-06 17:40:00+00:00,"Florida — la decisión de hoy de extender la fecha para inscribirse para votar es una victoria para nuestra democracia. Si no te has registrado, visita https://t.co/SSNUK7cjLs antes de las 7 PM ET e inscríbete.

Esta elección es demasiado importante para no participar.",JoeBiden
396,2020-10-06 17:27:00+00:00,"Florida — today's decision to extend the voter registration deadline is a win for our democracy. If you haven't registered to vote yet, head to https://t.co/uAcduFQlKF before 7 PM ET tonight to do so.

This election is too important to sit out.",JoeBiden
397,2020-10-06 16:15:00+00:00,"Folks, we can save nearly 100,000 lives by the end of the year if everyone wears a mask in public.

Do your part. Protect your neighbors. Wear a mask.",JoeBiden
398,2020-10-06 15:00:02+00:00,"#ImVotingFor Shamar — and every kid in this country — because they deserve the chance to go as far as their God-given potential will take them.

What are you voting for? I want to hear from you @BarackObama, @MichelleObama, and @DrBiden. https://t.co/4iZaKwDzzY",JoeBiden
399,2020-10-06 13:01:04+00:00,"There’s no better person to convey what’s at stake in this election than my friend, @MichelleObama. Tune in to hear her closing argument. https://t.co/wc7mywLUHy",JoeBiden
400,2020-10-06 03:24:50+00:00,"I couldn’t let #WorldTeachersDay go by without celebrating the best teacher I know. Jilly, the way you’ve worked tirelessly and passionately for your students year after year continues to inspire me. https://t.co/rvCJHZLFvm",JoeBiden
401,2020-10-06 01:22:00+00:00,"Folks, I just wrapped up my NBC Town Hall where I laid out my plans to build this country back better than before. If you liked what you heard, please chip in to keep tonight's momentum going: https://t.co/2QUVJ3rvkU",JoeBiden
402,2020-10-06 01:17:00+00:00,The future is yours. I'm counting on you. https://t.co/4vpSkat0ZH,JoeBiden
403,2020-10-06 01:15:00+00:00,I've taken on the Castros and Putins of the world. I let them know: it stops here. It stops with me. It stops with me as president. https://t.co/p2p1n4ALRY,JoeBiden
404,2020-10-06 01:02:00+00:00,Roe v. Wade must remain the law of the land. https://t.co/1Gq6Ncc2IK,JoeBiden
405,2020-10-06 00:51:00+00:00,Don't tell me things can't change. https://t.co/S1L2zcKVFr,JoeBiden
406,2020-10-06 00:47:00+00:00,"As president, I'll do what I've always done in the past: bring people together.

Peaceful protesters, police officers, unions, and civil rights groups — we'll all sit down at the White House. https://t.co/qk4Nh65UIC",JoeBiden
407,2020-10-06 00:34:00+00:00,"When I decided to run, I had three objectives:

1. Restore the soul of this country.
2. Rebuild the middle class.
3. Reunite the country.

It's the only way we can move forward. https://t.co/Wk3uP0Qcqm",JoeBiden
408,2020-10-06 00:31:00+00:00,"More than 200,000 Americans have died. 50,000 Americans are getting the virus every day. 1,000 a day are dying. This is a national emergency.

The President should take responsibility. https://t.co/RpEZCjjUhq",JoeBiden
409,2020-10-06 00:24:00+00:00,Listen to the scientists.,JoeBiden
410,2020-10-06 00:22:00+00:00,I would hope that the President having gone through what he went through will communicate the right lesson to the American people: Masks matter. They save lives. https://t.co/Hc8lovKEwB,JoeBiden
411,2020-10-06 00:17:00+00:00,I view wearing a mask as a patriotic duty — to protect those around you. #BidenTownHall,JoeBiden
412,2020-10-06 00:09:00+00:00,Masks matter. They save lives.,JoeBiden
413,2020-10-05 23:50:00+00:00,"I’m about to take the stage for tonight’s Town Hall in Miami, Florida. Tune in to @NBC now to watch live. https://t.co/iFo4jTtF2d",JoeBiden
414,2020-10-05 23:05:00+00:00,"Folks, starting today, I'm trying something new.

I'll be writing notes to you about my plans to build our country back better. And I'll be sharing personal stories and behind-the-scenes moments from the campaign trail, too.

I hope you'll follow along. https://t.co/OIjQQRO2I2",JoeBiden
415,2020-10-05 22:00:01+00:00,These good boys are ready to build bark better. https://t.co/OzaEkehJUR,JoeBiden
416,2020-10-05 21:26:00+00:00,"Now that President Trump is busy tweeting campaign messages, I would ask him to do this: Listen to the scientists. Support masks. Support mask mandates nationwide.",JoeBiden
417,2020-10-05 21:12:00+00:00,"Voting early in person starts today statewide in California, Iowa, Maine, Montana, Nebraska, and South Carolina.

This is our moment — and there is too much at stake to sit this election out.

Head to https://t.co/eoxT07uII9 to find all the info you need to make your voice heard.",JoeBiden
418,2020-10-05 20:32:00+00:00,"Folks, if you live in:

Arizona
Arkansas
Florida
Georgia
Hawaii
Indiana
Kentucky
Mississippi
Ohio
South Carolina
Tennessee
Texas

Today is your last day to register to vote. Head to https://t.co/eoxT07d7QB to get registered before it's too late. https://t.co/Flq9HFKnc0",JoeBiden
419,2020-10-05 20:02:23+00:00,I’m in Florida to discuss my plans to build back our economy better for the Hispanic community and working families. Tune in. https://t.co/bKRYmvaH8O,JoeBiden
420,2020-10-05 16:54:00+00:00,https://t.co/eoxT07d7QB https://t.co/J6mYQG0oF2,JoeBiden
421,2020-10-05 14:00:01+00:00,"Imagine a future where:

- Health care is a right
- We end the gun violence epidemic
- We combat climate change
- Our government works for everyone

It’s a future that we can build — together.",JoeBiden
422,2020-10-05 00:10:00+00:00,"The economy.
Climate change.
Health care.
Civil rights.
Racial justice.
The U.S. Supreme Court.
Our democracy.

They’re all on the line. Vote. https://t.co/eoxT07d7QB",JoeBiden
423,2020-10-04 22:32:00+00:00,It’s time we build an economy where everyone gets a fair return for their work and an equal chance to get ahead. An economy more vibrant and powerful because everyone is in on the deal. https://t.co/Tjgyn1gR2V,JoeBiden
424,2020-10-04 21:01:00+00:00,"Today marks 30 days until Election Day. 30 days until we begin to restore the soul of the nation.

Chip in to power our campaign through this final stretch: https://t.co/v5RXu2WPlZ",JoeBiden
425,2020-10-04 19:05:00+00:00,"Before we're Democrats or Republicans or independents — we're Americans.

We can't forget that.",JoeBiden
426,2020-10-04 15:30:00+00:00,30 days.,JoeBiden
427,2020-10-04 14:05:00+00:00,"Receiving the Medal of Freedom from my friend @BarackObama was a great, great honor. I'm proud to have dedicated my life to serving this country — but I'm not done yet. https://t.co/NKEmYGOl6s",JoeBiden
428,2020-10-04 00:15:00+00:00,"At this moment, we’re facing unprecedented crises. But I know the American people have what it takes to overcome them.

There’s not a single thing beyond our capacity.",JoeBiden
429,2020-10-03 23:23:00+00:00,"Folks, with just one month left until Election Day, voting is underway and there’s no time to wait to make your voice heard. Head to https://t.co/eoxT07uII9 to find everything you need to make your voting plan.",JoeBiden
430,2020-10-03 22:07:00+00:00,"There’s just one month left before the most important election of our lifetime — one that will shape the future of our nation for decades to come.

Don’t wake up on November 4th wishing you had done more. Get involved today: https://t.co/gnaFCACYrW",JoeBiden
431,2020-10-03 20:37:00+00:00,One month until we can call @DrBiden our First Lady-Elect. https://t.co/Yi6wxsonYP,JoeBiden
432,2020-10-03 19:15:00+00:00,"It's time we come together.

It's time we see each other as fellow Americans, who don't just live in red states and blue states, but who live in — and love — the United States of America.

That's who we are — and there is nothing we cannot do if we do it together.",JoeBiden
433,2020-10-03 18:32:00+00:00,"One month until Election Day. Let’s do this, America.",JoeBiden
434,2020-10-03 13:47:00+00:00,"Be a patriot. Do your part.

Wearing a mask will protect you. But it will also protect those around you — your mom, your dad, your son, your daughter, your neighbor, your co-worker.

Don’t just do it for yourself. Do it for the people you love.",JoeBiden
435,2020-10-03 02:18:00+00:00,We have to come together. https://t.co/P8SkE6vkX1,JoeBiden
436,2020-10-03 01:42:00+00:00,"Thank you, Grand Rapids, for a great afternoon. From the virus to the economy, we face immense challenges as a nation. But if we come together and act as one America, we can and will overcome them. https://t.co/eY5FVKRv3K",JoeBiden
437,2020-10-02 23:46:00+00:00,"I’m running as a Democrat, but I will be an American president. Whether you voted for me or against me, I will represent you.",JoeBiden
438,2020-10-02 23:16:00+00:00,"We can, we will, and we must come together.",JoeBiden
439,2020-10-02 21:56:00+00:00,"This cannot be a partisan moment.

It must be an American moment.

We have to come together as a nation.",JoeBiden
440,2020-10-02 20:26:26+00:00,"I’m delivering remarks from Grand Rapids, Michigan. Tune in. https://t.co/LhZJjc4wIb",JoeBiden
441,2020-10-02 19:10:00+00:00,"Tonight, @BarackObama, @KamalaHarris, and @MichaelB4Jordan are hosting a grassroots fundraiser to discuss what's at stake this November and the importance of making your voice heard at the ballot box.

Chip in to reserve your spot: https://t.co/gWU2HX3G9R https://t.co/TiygIszVmE",JoeBiden
442,2020-10-02 16:22:43+00:00,"I’m happy to report that Jill and I have tested negative for COVID. Thank you to everyone for your messages of concern. I hope this serves as a reminder: wear a mask, keep social distance, and wash your hands.",JoeBiden
443,2020-10-02 12:45:10+00:00,Jill and I send our thoughts to President Trump and First Lady Melania Trump for a swift recovery. We will continue to pray for the health and safety of the president and his family.,JoeBiden
444,2020-10-02 00:40:00+00:00,"Donald Trump will do everything he can to distract from the fact that because of his failed COVID-19 response:

- Over 200,000 Americans have died
- 26 million are on unemployment
- 1 in 6 small businesses risk permanent closure

We can’t let him.",JoeBiden
445,2020-10-01 23:18:00+00:00,"When I first ran for Senate, we put up a billboard that said, “Joe Biden: For all our families.”

It’s a motto that has guided me throughout my career.

It doesn’t matter if you’re a Democrat or Republican—I’ll be a president for all Americans, not just the ones who vote for me.",JoeBiden
446,2020-10-01 22:35:00+00:00,"On Native Women's Equal Pay Day, we recognize the hard truth that Native women earn just $0.57 for every dollar a white man makes. It's unacceptable.

A Biden-Harris Administration will stand with women in Indian Country and pass legislation to close the gender wage gap. https://t.co/RstWRwFc2J",JoeBiden
447,2020-10-01 21:10:00+00:00,"During Filipino American History Month, we celebrate the community's immense contributions to our country — from early immigrants to the millions today, many who serve in the military or as frontline workers. As President, I'll work alongside them to protect the American people.",JoeBiden
448,2020-10-01 20:20:00+00:00,"Three years ago today, Las Vegas was struck by tragedy when a gunman opened fire on the Route 91 Harvest Festival. It remains the deadliest mass shooting in modern U.S. history.

As we remember those we lost, we must take action to ensure it never happens again.",JoeBiden
449,2020-10-01 19:08:00+00:00,Jill and I wish a happy Mid-Autumn Festival to all those celebrating. We join you in hoping for a future filled with peace and prosperity — and hope your festivities lead to a bountiful harvest in the year ahead.,JoeBiden
450,2020-10-01 18:45:00+00:00,"Jill and I want to wish a very happy birthday to President Carter –– a patriot, a humanitarian, and a friend. Thank you for your tireless dedication to our country and to the world. https://t.co/SrajBmltek",JoeBiden
451,2020-10-01 17:40:00+00:00,"On behalf of Jill and our entire family, I want to wish the Korean-American community a happy Chuseok. May your celebrations be filled with laughter, joy, and plenty of good food. 행복한 한가위 보내세요!",JoeBiden
452,2020-10-01 16:36:00+00:00,"I paid my taxes.

These folks paid their taxes.

So why didn’t President Trump pay his? https://t.co/gcRWGnWF57",JoeBiden
453,2020-10-01 14:40:00+00:00,"You determine the outcome of this election — not Donald Trump.

Vote: https://t.co/eoxT07uII9",JoeBiden
454,2020-10-01 02:00:00+00:00,"It's safe to say I've gotten to know the hardworking men and women of @Amtrak over the years — I'm proud to stand with them as they face furloughs due to funding cuts.

These essential workers have kept us moving during this pandemic –– now it's time we have their backs. https://t.co/aoaTYZdhoF",JoeBiden
455,2020-10-01 01:42:00+00:00,"Last night, I went toe-to-toe with Donald Trump and laid out my vision for a stronger, more inclusive America. Check out a few of the top moments from the first debate: https://t.co/H1WFQIxU6y",JoeBiden
456,2020-10-01 01:02:00+00:00,"Folks, it all comes down to this. We’re just a few hours away from our final end-of-quarter deadline before Election Day — and we need your help to hit our goal.

It’s now or never. Chip in to help us beat Donald Trump: https://t.co/dammrUy8yd",JoeBiden
457,2020-10-01 00:19:33+00:00,"We're in Johnstown, Pennsylvania, for the final stop of the Build Back Better Express Tour. Tune in now to watch. https://t.co/WlSuLrlKFI",JoeBiden
458,2020-10-01 00:12:00+00:00,Last night reinforced why I got into this race: We are in a battle for the soul of this nation — and it’s a battle we must win.,JoeBiden
